<?xml version="1.0" encoding="utf-8"?>
<WindowPositionList xmlns:xsi="http://www.w3.org/2001/XMLSchema-instance" xmlns:xsd="http://www.w3.org/2001/XMLSchema">
  <WindowPositions>
    <WindowPosition>
      <Rect>
        <Location>
          <X>478</X>
          <Y>221</Y>
        </Location>
        <Size>
          <Width>939</Width>
          <Height>612</Height>
        </Size>
        <X>478</X>
        <Y>221</Y>
        <Width>939</Width>
        <Height>612</Height>
      </Rect>
      <State>Normal</State>
      <Name>FormBrowse</Name>
    </WindowPosition>
  </WindowPositions>
</WindowPositionList>