{
    "runtimeOptions":  {
                           "tfm":  "net9.0",
                           "frameworks":  [
                                              {
                                                  "name":  "Microsoft.WindowsDesktop.App",
                                                  "version":  "9.0.11"
                                              }
                                          ],
                           "configProperties":  {
                                                    "System.Reflection.Metadata.MetadataUpdater.IsSupported":  false,
                                                    "System.Runtime.Serialization.EnableUnsafeBinaryFormatterSerialization":  false,
                                                    "CSWINRT_USE_WINDOWS_UI_XAML_PROJECTIONS":  false
                                                }
                       }
}
